{
  "kpi": {
    "salario_promedio": 1686765.6077175424,
    "masa_salarial": 133480.50960112,
    "empleados": 79134.0,
    "var_nominal_ia": 51.39312394136637,
    "var_real_ia": 18.223095069859575,
    "mes": 1,
    "anio": 2026,
    "periodo_actual": "Enero 2026",
    "periodo_anterior": "Enero 2025",
    "cbt_valor": 376248,
    "cbt_ratio": 4.483121791258804
  },
  "charts": {
    "labels": [
      "Febrero",
      "Marzo",
      "Abril",
      "Mayo",
      "Junio",
      "Julio",
      "Agosto",
      "Septiembre",
      "Octubre",
      "Noviembre",
      "Diciembre",
      "Enero"
    ],
    "salario_promedio": [
      1099638.5991203317,
      1349587.0622333933,
      1289566.750691096,
      1300070.3234511653,
      1307469.928014705,
      1424940.864567227,
      1611112.9969244618,
      1606506.3231915305,
      1606004.6091650538,
      1600063.489546325,
      1599484.1725892082,
      1686765.6077175424
    ],
    "ripte_valor": [
      1310360.0,
      1363510.0,
      1402610.0,
      1428660.0,
      1468140.0,
      1510680.0,
      1530300.0,
      1551830.0,
      1593050.0,
      1611850.0,
      null,
      null
    ],
    "salario_var_mensual": [
      -1.3035824505544413,
      22.730055430303263,
      -4.447309345346817,
      0.8145039994587489,
      0.5691695618354364,
      8.984599495216905,
      13.065253231668517,
      -0.28593113839471274,
      -0.031230130826997993,
      -0.3699316667476693,
      -0.036205873135763955,
      5.456848940683479
    ],
    "ipc_var_mensual": [
      1.9,
      3.1,
      2.7,
      1.3,
      1.1,
      1.7000000000000002,
      1.7000000000000002,
      1.8000000000000003,
      2.2,
      2.4,
      3.4000000000000004,
      1.8599999999999999
    ]
  }
}